{"stats":{"minecraft:broken":{"minecraft:iron_boots":1,"minecraft:iron_leggings":2,"minecraft:iron_axe":1},"minecraft:dropped":{"sophisticatedbackpacks:iron_backpack":4,"minecraft:iron_sword":3,"chococraft:loverly_gysahl_green":3,"minecraft:lapis_lazuli":13,"minecraft:glow_ink_sac":3,"minecraft:diamond":4,"better_fishing_rods:lucky_pad_fragment":1,"minecraft:cookie":4,"artifacts:cloud_in_a_bottle":2,"minecraft:black_bed":2,"minecraft:mossy_stone_brick_stairs":5,"minecraft:cracked_stone_bricks":14,"born_in_chaos_v1:pieceofdarkmetal":8,"minecraft:saddle":7,"minecraft:emerald":18,"sophisticatedbackpacks:gold_backpack":1,"iceandfire:sea_serpent_scales_red":5,"iceandfire:blindfold":1,"minecraft:dark_oak_fence":1,"tombstone:scroll_of_true_sight":1,"iceandfire:armor_copper_metal_boots":4,"minecraft:bone_block":6,"minecraft:sand":73,"minecraft:iron_pickaxe":5,"minecraft:dark_oak_planks":1,"ars_nouveau:wilden_horn":1,"regions_unexplored:mauve_sapling":1,"ars_nouveau:source_gem":1,"sons_of_sins:flesh_of_demise":1,"minecraft:bone":7,"minecraft:sugar_cane":11,"minecraft:ancient_debris":1,"minecraft:cobbled_deepslate":3955,"alexscaves:cave_tablet":9,"minecraft:wheat":823,"minecraft:rotten_flesh":47,"minecraft:oak_planks":44,"iceandfire:crackled_gravel":3,"ars_nouveau:archwood_slab":4,"enemyexpansion:meathead_helmet":1,"minecraft:brick_stairs":1,"biomesoplenty:wildflower":2,"minecraft:leather_boots":1,"minecraft:acacia_sapling":3,"iceandfire:deathworm_chitin_white":22,"minecraft:spruce_slab":2,"minecraft:stone_brick_stairs":3,"iceandfire:manuscript":2,"minecraft:lectern":4,"farmersdelight:tomato_seeds":3,"minecraft:enchanted_book":47,"minecraft:iron_ingot":58,"regions_unexplored:fireweed":7,"minecraft:wheat_seeds":588,"epicsamurai:raw_silver":8,"minecraft:polished_blackstone":3,"minecraft:cobblestone":44,"minecraft:iron_helmet":3,"minecraft:book":30,"chococraft:gysahl_green_seeds":11,"minecraft:spruce_door":1,"born_in_chaos_v1:gnawed_bones":1,"skilltree:gem":22,"regions_unexplored:redwood_log":2,"minecraft:diamond_helmet":3,"minecraft:mossy_cobblestone_stairs":2,"minecraft:string":11,"ars_nouveau:caster_tome":1,"minecraft:moss_carpet":22,"born_in_chaos_v1:rotten_fish":1,"minecraft:iron_boots":4,"iceandfire:armor_copper_metal_helmet":2,"regions_unexplored:hyssop":2,"immersive_armors:heavy_chestplate":2,"minecraft:nether_bricks":3,"minecraft:spruce_fence":1,"minecraft:stone":8,"minecraft:bundle":3,"minecraft:spruce_planks":19,"artifacts:running_shoes":1,"minecraft:stone_bricks":10,"minecraft:bow":4,"sophisticatedbackpacks:copper_backpack":3,"waystones:waystone":1,"iceandfire:sea_serpent_fang":4,"ars_nouveau:warp_scroll":2,"minecraft:soul_sand":2,"minecraft:dark_oak_stairs":1,"onlyhammers:stone_hammer":1,"minecraft:leather":3,"aquaculture:minnow":12,"minecraft:red_wool":1,"artifacts:superstitious_hat":2,"epicsamurai:jade":7,"gemsnjewels:ruby_set_gold_ring":4,"minecraft:gilded_blackstone":10,"tombstone:scroll_of_preservation":1,"epicsamurai:aquamarine":4,"lootr:trophy":1,"minecraft:blackstone":42,"born_in_chaos_v1:ethereal_spirit":6,"artifacts:villager_hat":2,"gemsnjewels:enchanted_gold_ring":2,"minecraft:leather_chestplate":1,"reliquary:angelheart_vial":2,"alexsmobs:elastic_tendon":2,"minecraft:beetroot_seeds":1,"born_in_chaos_v1:corpse_maggot":60,"minecraft:iron_bars":11,"minecraft:arrow":2,"minecraft:scaffolding":1,"minecraft:netherrack":192,"minecraft:water_bucket":1,"minecraft:bread":5,"minecraft:oak_slab":2,"minecraft:golden_helmet":1,"reliquary:mob_charm_fragment":1,"chococraft:gold_gysahl":2,"minecraft:mossy_cobblestone":24,"gamma_beasts:coal_nugget":11,"minecraft:diamond_leggings":3,"aquaculture:red_grouper":1,"minecraft:spruce_stairs":4,"minecraft:stick":1,"minecraft:torch":25,"minecraft:nether_wart_block":1,"tombstone:grave_dust":5,"minecraft:iron_leggings":128,"regions_unexplored:dead_steppe_shrub":4,"ars_nouveau:wilden_wing":1,"chococraft:chocobo_feather":2,"artifacts:aqua_dashers":1,"minecraft:tuff":206,"iceandfire:witherbone":1,"minecraft:tall_grass":2,"regions_unexplored:acacia_shrub":1,"reliquary:angelic_feather":1,"minecraft:diamond_chestplate":3,"minecraft:iron_chestplate":6,"minecraft:golden_leggings":1,"minecraft:mossy_stone_bricks":9,"minecraft:oak_sapling":3,"minecraft:diamond_boots":2,"minecraft:slime_ball":6,"minecraft:stripped_crimson_hyphae":1},"minecraft:killed":{"minecraft:cave_spider":5,"born_in_chaos_v1:zombie_lumberjack":1,"born_in_chaos_v1:restless_spirit":2,"born_in_chaos_v1:skeleton_demoman":1,"iceandfire:gorgon":1,"enemyexpansion:equestrian":2,"alexsmobs:murmur":1,"born_in_chaos_v1:baby_skeleton_minion":5,"minecraft:skeleton":45,"born_in_chaos_v1:skeleton_thrasher":1,"alexsmobs:straddler":1,"enemyexpansion:vampflyer":1,"minecraft:magma_cube":7,"minecraft:pillager":8,"enemyexpansion:meature":8,"minecraft:zombie":16,"enemyexpansion:vampire":4,"born_in_chaos_v1:corpse_fly":45,"enemyexpansion:botfly":5,"iceandfire:lightning_dragon":1,"born_in_chaos_v1:door_knight":1,"iceandfire:sea_serpent":1,"minecraft:cow":2,"chococraft:chocobo":3,"minecraft:vindicator":1,"enemyexpansion:goblin_fear":4,"iceandfire:siren":1,"minecraft:husk":1,"enemyexpansion:sprinter":2,"minecraft:wandering_trader":1,"alexsmobs:rhinoceros":1,"born_in_chaos_v1:decrepit_skeleton":4,"alexsmobs:crocodile":1,"iceandfire:ghost":5,"born_in_chaos_v1:dark_vortex":2,"born_in_chaos_v1:zombie_clown":1,"minecraft:spider":16,"born_in_chaos_v1:scarlet_persecutor":3,"minecraft:silverfish":2,"minecraft:piglin_brute":1,"artifacts:mimic":3,"epicsamurai:enenra":1,"minecraft:piglin":7,"born_in_chaos_v1:bonescaller":2,"born_in_chaos_v1:diamond_termite":10,"minecraft:zombie_villager":2,"born_in_chaos_v1:glutton_fish":1,"alexsmobs:stradpole":1,"gamma_beasts:careyatros_a":1,"minecraft:creeper":3,"alexsmobs:crimson_mosquito":2,"minecraft:sheep":4,"minecraft:trader_llama":2,"born_in_chaos_v1:dread_hound":12,"minecraft:stray":11,"alexsmobs:fly":3,"minecraft:blaze":5,"enemyexpansion:wasp":1,"born_in_chaos_v1:missioner":1,"born_in_chaos_v1:zombie_bruiser":2,"born_in_chaos_v1:maggot":24,"epicsamurai:tanuki":1,"minecraft:drowned":6,"born_in_chaos_v1:corpse_fish":5,"iceandfire:deathworm":2,"enemyexpansion:goblin":2,"enemyexpansion:starved":1,"born_in_chaos_v1:fallen_chaos_knight":2,"born_in_chaos_v1:baby_skeleton":5,"born_in_chaos_v1:swarmer":3,"born_in_chaos_v1:spirit_guide_assistant":1,"minecraft:bat":1,"enemyexpansion:troll":2,"minecraft:squid":8,"gamma_beasts:careyatros_c":1,"alexsmobs:cockroach":1,"sons_of_sins:betrayed_guzzler":1,"creeperoverhaul:ocean_creeper":2,"enemyexpansion:huntsman":1,"born_in_chaos_v1:nightmare_stalker":1,"minecraft:wither_skeleton":4,"minecraft:villager":1,"enemyexpansion:slugger":1},"minecraft:mined":{"minecraft:dark_oak_planks":1,"minecraft:white_bed":14,"iceandfire:copper_pile":4,"minecraft:acacia_log":20,"minecraft:red_sand":3,"minecraft:coal_block":16,"minecraft:acacia_pressure_plate":2,"minecraft:spawner":33,"minecraft:tall_seagrass":6,"epicsamurai:deepslate_jade_ore":2,"minecraft:mossy_cobblestone_stairs":2,"minecraft:fire":3,"minecraft:cobbled_deepslate":28,"minecraft:moss_carpet":2,"minecraft:deepslate_lapis_ore":3,"minecraft:fletching_table":4,"iceandfire:gold_pile":65,"minecraft:oak_stairs":2,"minecraft:spruce_wood":4,"minecraft:cut_sandstone":1,"minecraft:kelp_plant":1,"born_in_chaos_v1:infected_deepslate_diamond_ore":4,"gemsnjewels:ruby_deepslate_ore_block":1,"minecraft:torch":9,"minecraft:blast_furnace":1,"minecraft:dead_bush":1,"minecraft:skeleton_skull":1,"regions_unexplored:hyssop":5,"sophisticatedbackpacks:diamond_backpack":1,"minecraft:wheat":39,"minecraft:black_bed":1,"gamma_beasts:palm_tree_log":3,"minecraft:stone_brick_stairs":3,"minecraft:grass":149,"minecraft:deepslate":4986,"regions_unexplored:fireweed":5,"biomesoplenty:watergrass":2,"minecraft:mossy_cobblestone":11,"epicsamurai:deepslate_onyx_ore":2,"biomesoplenty:desert_grass":16,"minecraft:nether_bricks":16,"minecraft:dark_oak_fence":2,"minecraft:spruce_fence":1,"minecraft:potted_bamboo":1,"biomesoplenty:flesh":1,"minecraft:mossy_stone_brick_stairs":5,"minecraft:vine":7,"biomesoplenty:barley":105,"ars_nouveau:rune":12,"minecraft:bamboo":1,"regions_unexplored:small_oak_log":17,"regions_unexplored:windswept_grass":6,"minecraft:oak_slab":1,"minecraft:redstone_block":1,"minecraft:glass_pane":2,"minecraft:smooth_sandstone":3,"minecraft:cornflower":1,"minecraft:tall_grass":7,"regions_unexplored:mauve_log":3,"minecraft:deepslate_gold_ore":7,"minecraft:spruce_log":1,"regions_unexplored:sandy_grass":3,"iceandfire:silver_pile":6,"minecraft:gravel":2,"minecraft:cobweb":61,"minecraft:acacia_planks":2,"minecraft:spruce_fence_gate":1,"minecraft:stone_bricks":9,"minecraft:fern":4,"minecraft:spruce_planks":7,"sophisticatedbackpacks:gold_backpack":1,"minecraft:potted_blue_orchid":1,"minecraft:stripped_crimson_hyphae":2,"minecraft:grass_block":9,"sophisticatedbackpacks:iron_backpack":2,"minecraft:cracked_polished_blackstone_bricks":1,"minecraft:dark_oak_stairs":1,"chococraft:gysahl_green":35,"minecraft:iron_bars":13,"epicsamurai:deepslate_silver_ore":4,"minecraft:spruce_slab":1,"minecraft:green_bed":6,"minecraft:deepslate_redstone_ore":16,"minecraft:quartz_block":3,"minecraft:blackstone":4,"biomesoplenty:wildflower":3,"regions_unexplored:small_desert_shrub":1,"minecraft:chest":5,"minecraft:cobblestone":29,"ars_nouveau:scribes_table":1,"minecraft:prismarine":1,"minecraft:oak_planks":17,"minecraft:wall_torch":8,"minecraft:seagrass":1,"farmersdelight:sandy_shrub":1,"minecraft:dark_oak_slab":1,"lootr:trophy":1,"gemsnjewels:opal_deepslate_ore_block":1,"minecraft:nether_wart_block":1,"minecraft:yellow_wool":3,"minecraft:tnt":1,"minecraft:oak_log":435,"minecraft:acacia_fence":10,"minecraft:dirt":18,"minecraft:sand":20,"minecraft:netherrack":9,"minecraft:oak_leaves":47,"minecraft:tuff":304,"regions_unexplored:barley":146,"minecraft:deepslate_diamond_ore":36,"minecraft:candle":1,"born_in_chaos_v1:infected_diamond_ore":1,"minecraft:brick_stairs":1,"minecraft:large_fern":1,"minecraft:hay_block":25,"minecraft:acacia_stairs":1,"minecraft:peony":3,"minecraft:nether_brick_fence":2,"minecraft:bookshelf":20,"minecraft:deepslate_iron_ore":10,"regions_unexplored:medium_grass":35,"minecraft:stone":80,"minecraft:acacia_leaves":4,"minecraft:scaffolding":1,"epicsamurai:deepslate_aquamarine_ore":4,"minecraft:crafting_table":1,"minecraft:lectern":91,"regions_unexplored:daisy":4,"farmersdelight:wild_beetroots":1,"minecraft:spruce_stairs":5,"minecraft:air":135,"ars_nouveau:blue_archwood_log":4,"iceandfire:ash":2,"minecraft:bee_nest":1,"minecraft:yellow_bed":13,"minecraft:coal_ore":16,"minecraft:cracked_stone_bricks":10,"minecraft:mossy_stone_bricks":4},"minecraft:custom":{"minecraft:interact_with_crafting_table":136,"minecraft:open_barrel":11,"minecraft:eat_cake_slice":6,"minecraft:leave_game":11,"minecraft:time_since_death":193400,"minecraft:damage_blocked_by_shield":21,"minecraft:play_time":1173164,"minecraft:deaths":40,"tombstone:tomb_raiding":1,"minecraft:jump":12274,"minecraft:interact_with_furnace":91,"minecraft:play_record":2,"minecraft:traded_with_villager":170,"minecraft:sleep_in_bed":43,"minecraft:waystone_activated":9,"tombstone:sneak_grave":1,"minecraft:damage_dealt":79015,"tombstone:undead_killed":118,"minecraft:interact_with_smoker":16,"minecraft:inspect_dispenser":1,"minecraft:interact_with_smithing_table":1,"minecraft:damage_dealt_absorbed":134,"minecraft:sneak_time":67585,"minecraft:interact_with_blast_furnace":5,"minecraft:total_world_time":1173164,"tombstone:raider_killed":9,"minecraft:interact_with_stonecutter":1,"minecraft:time_since_rest":2982,"minecraft:swim_one_cm":548494,"minecraft:fly_one_cm":4733744,"minecraft:open_chest":942,"minecraft:fish_caught":38,"minecraft:fall_one_cm":1496562,"lootr:looted_stat":144,"minecraft:damage_resisted":3604,"minecraft:sprint_one_cm":3916692,"minecraft:drop":1762,"minecraft:play_noteblock":10,"minecraft:talked_to_villager":172,"minecraft:walk_on_water_one_cm":211778,"tombstone:steal_effect":8,"minecraft:player_kills":7,"minecraft:crouch_one_cm":74749,"tombstone:villager_killed":2,"minecraft:mob_kills":399,"minecraft:damage_dealt_resisted":3142,"minecraft:climb_one_cm":32980,"minecraft:walk_one_cm":1099827,"minecraft:walk_under_water_one_cm":226970,"minecraft:boat_one_cm":321,"minecraft:interact_with_grindstone":1,"minecraft:damage_taken":2147483647,"minecraft:trigger_trapped_chest":5},"minecraft:crafted":{"minecraft:black_dye":19,"rpgsmw:blue_fabric":1,"epicsamurai:silver_ingot":2,"minecraft:bookshelf":8,"minecraft:cooked_mutton":33,"aquaculture:fish_fillet_raw":77,"born_in_chaos_v1:nightmare_mantleofthe_night_chestplate":1,"minecraft:diamond_helmet":1,"minecraft:diamond_leggings":1,"rpgsmw:black_fabric":12,"minecraft:emerald":146,"minecraft:diamond_axe":1,"minecraft:acacia_slab":36,"minecraft:copper_ingot":62,"minecraft:fletching_table":2,"minecraft:lectern":8,"minecraft:iron_pickaxe":2,"minecraft:iron_block":5,"minecraft:gold_ingot":63,"onlyhammers:stone_hammer":1,"ars_nouveau:arcane_pedestal":2,"rpgsmw:black_fabric_block":1,"minecraft:yellow_bed":1,"minecraft:diamond":1,"ars_nouveau:novice_spell_book":1,"regions_unexplored:mauve_planks":4,"minecraft:diamond_boots":1,"minecraft:wheat":225,"rpgsmw:fabric":35,"sophisticatedbackpacks:gold_backpack":1,"minecraft:enchanted_book":24,"rpgsmw:diamond_knife":1,"ars_nouveau:sourcestone":16,"minecraft:wooden_axe":2,"minecraft:iron_shovel":1,"minecraft:white_bed":2,"tombstone:bone_needle":1,"minecraft:oak_planks":2072,"ars_nouveau:archwood_planks":16,"minecraft:stone":22,"born_in_chaos_v1:dark_metal_ingot":2,"minecraft:iron_boots":1,"minecraft:chest":9,"born_in_chaos_v1:pileof_dark_metal":2,"minecraft:crafting_table":6,"iceandfire:blindfold":1,"minecraft:spruce_planks":20,"minecraft:iron_helmet":1,"better_fishing_rods:lucky_fishing_rod":1,"minecraft:gold_block":25,"minecraft:iron_chestplate":2,"minecraft:charcoal":6,"minecraft:diamond_pickaxe":1,"minecraft:stick":3816,"minecraft:iron_ingot":7,"ars_nouveau:scribes_table":1,"rpgsmw:diamond_ranger_armor_helmet":1,"minecraft:shears":1,"minecraft:coal":144,"minecraft:fishing_rod":1,"rpgsmw:diamond_ranger_armor_chestplate":1,"ars_nouveau:archwood_slab":6,"minecraft:flint_and_steel":1,"minecraft:iron_axe":2,"aquaculture:fish_fillet_cooked":73,"minecraft:diamond_sword":1,"minecraft:iron_sword":3,"minecraft:bucket":1,"minecraft:blue_dye":1,"minecraft:bread":56,"minecraft:acacia_boat":1,"minecraft:air":0,"gamma_beasts:palm_tree_planks":12,"minecraft:gold_nugget":18,"minecraft:acacia_planks":108,"minecraft:torch":116,"minecraft:diamond_chestplate":1},"minecraft:picked_up":{"regions_unexplored:small_oak_log":17,"minecraft:iron_chestplate":6,"minecraft:flower_pot":2,"minecraft:prismarine_shard":6,"aquaculture:catfish":1,"minecraft:diamond_sword":2,"minecraft:oak_stairs":2,"minecraft:acacia_pressure_plate":2,"minecraft:enchanted_book":64,"minecraft:golden_sword":4,"iceandfire:manuscript":1,"minecraft:string":77,"minecraft:red_nether_bricks":6,"minecraft:pufferfish":2,"minecraft:diamond_leggings":3,"minecraft:gold_nugget":600,"minecraft:cobbled_deepslate":5083,"minecraft:spruce_planks":8,"rpgsmw:rawmiphrilignot":4,"minecraft:acacia_fence_gate":1,"minecraft:coal_block":19,"minecraft:mangrove_log":2,"minecraft:golden_helmet":1,"born_in_chaos_v1:shattered_skull":4,"minecraft:green_bed":6,"minecraft:acacia_log":27,"iceandfire:lightning_dragon_flesh":4,"minecraft:stone_sword":1,"minecraft:tropical_fish":2,"artifacts:villager_hat":2,"gamma_beasts:coal_nugget":25,"minecraft:blaze_rod":3,"minecraft:iron_bars":16,"alexsmobs:flying_fish":1,"minecraft:feather":29,"minecraft:water_bucket":2,"minecraft:jungle_log":1,"regions_unexplored:dead_steppe_shrub":4,"minecraft:flint":2,"ars_nouveau:scribes_table":1,"lootr:trophy":2,"minecraft:lantern":2,"better_fishing_rods:common_enchantment_book":9,"rpgsmw:diamond_knife":4,"minecraft:diamond_helmet":1,"epicsamurai:raw_silver":8,"iceandfire:dragonscales_amythest":7,"aquaculture:gar":2,"iceandfire:dragon_skull_fire":2,"iceandfire:shiny_scales":7,"sophisticatedbackpacks:iron_backpack":6,"minecraft:ink_sac":15,"minecraft:acacia_stairs":1,"ars_nouveau:wilden_horn":1,"epicsamurai:straw_hat":1,"minecraft:bundle":6,"minecraft:iron_hoe":1,"regions_unexplored:acacia_shrub":1,"regions_unexplored:hyssop":5,"reliquary:angelic_feather":1,"minecraft:bread":7,"alexsmobs:maggot":5,"iceandfire:gorgon_head":1,"born_in_chaos_v1:rotten_fish":16,"minecraft:dark_oak_fence":1,"iceandfire:dragon_skull_lightning":1,"sophisticatedbackpacks:gold_backpack":1,"minecraft:crafting_table":1,"iceandfire:witherbone":3,"born_in_chaos_v1:seedof_chaos":5,"minecraft:leather_leggings":1,"born_in_chaos_v1:charmof_resistance":1,"tombstone:scroll_of_preservation":1,"minecraft:cornflower":1,"better_fishing_rods:lucky_pad_fragment":7,"epicsamurai:jade":13,"born_in_chaos_v1:intoxicating_decoction":1,"minecraft:iron_shovel":1,"minecraft:cracked_stone_bricks":15,"minecraft:beef":3,"born_in_chaos_v1:gnawed_bones":2,"minecraft:poppy":2,"onlyhammers:stone_hammer":1,"minecraft:spruce_slab":2,"minecraft:chest":6,"ars_nouveau:purple_archwood_log":1,"minecraft:stone":3,"alexsmobs:straddlite":1,"minecraft:spruce_fence":1,"minecraft:white_dye":1,"farmersdelight:tomato_seeds":8,"born_in_chaos_v1:pieceofdarkmetal":40,"iceandfire:armor_copper_metal_boots":5,"iceandfire:deathworm_chitin_white":44,"minecraft:redstone":74,"better_fishing_rods:villager_fishing_rod":1,"minecraft:prismarine_crystals":7,"minecraft:tnt":1,"better_fishing_rods:legendary_enchantment_book":1,"minecraft:diamond_chestplate":1,"regions_unexplored:mauve_sapling":1,"minecraft:beetroot_seeds":1,"minecraft:peony":2,"minecraft:diamond_boots":2,"minecraft:hay_block":25,"aquaculture:carp":2,"minecraft:gold_ingot":1,"artifacts:pocket_piston":1,"sophisticatedbackpacks:copper_backpack":3,"minecraft:polished_blackstone":6,"enemyexpansion:troll_molar":1,"minecraft:mutton":6,"minecraft:rail":3,"minecraft:white_wool":3,"minecraft:bone_block":6,"iceandfire:sea_serpent_fang":8,"born_in_chaos_v1:monster_flesh":10,"minecraft:tripwire_hook":1,"alexsmobs:acacia_blossom":2,"ars_nouveau:wilden_wing":1,"minecraft:oak_log":499,"reliquary:angelheart_vial":2,"iceandfire:armor_copper_metal_helmet":1,"farmersdelight:flint_knife":2,"chococraft:chocobo_feather":4,"chococraft:gysahl_green":77,"immersive_armors:heavy_chestplate":1,"minecraft:apple":15,"minecraft:stone_bricks":10,"minecraft:kelp":1,"minecraft:cobweb":11,"minecraft:tall_grass":4,"epicsamurai:aquamarine":4,"minecraft:iron_sword":3,"minecraft:dark_oak_stairs":1,"aquaculture:smallmouth_bass":2,"iceandfire:copper_nugget":50,"minecraft:dark_oak_slab":2,"minecraft:red_wool":2,"born_in_chaos_v1:ethereal_spirit":16,"minecraft:gravel":1,"aquaculture:red_grouper":1,"minecraft:spruce_log":1,"better_fishing_rods:lucky_pad":3,"tombstone:scroll_of_true_sight":1,"minecraft:firework_rocket":2,"minecraft:stone_axe":1,"minecraft:slime_ball":8,"regions_unexplored:fireweed":17,"better_fishing_rods:rare_enchantment_book":6,"minecraft:polished_diorite":1,"minecraft:gray_wool":1,"gamma_beasts:salmon_steak":4,"minecraft:baked_potato":51,"minecraft:ender_pearl":5,"ars_nouveau:caster_tome":4,"chococraft:loverly_gysahl_green":8,"minecraft:wheat":411,"minecraft:redstone_block":2,"minecraft:nether_brick_fence":2,"minecraft:yellow_wool":3,"gamma_beasts:fur":14,"alexscaves:cave_tablet":1,"minecraft:potion":2,"minecraft:gilded_blackstone":10,"minecraft:stone_brick_stairs":3,"ars_nouveau:glyph_craft":1,"aquaculture:muskellunge":2,"minecraft:iron_leggings":56,"minecraft:experience_bottle":3,"spartanweaponry:bolt":24,"alexsmobs:blood_sac":2,"minecraft:red_sand":3,"artifacts:aqua_dashers":2,"minecraft:ender_eye":3,"minecraft:iron_pickaxe":4,"minecraft:iron_boots":6,"regions_unexplored:redwood_log":2,"minecraft:tipped_arrow":8,"minecraft:stick":185,"minecraft:jungle_door":1,"minecraft:acacia_fence":10,"minecraft:torch":50,"minecraft:spruce_stairs":7,"gemsnjewels:opal":1,"iceandfire:crackled_gravel":4,"tombstone:grave_dust":20,"enemyexpansion:meathead_helmet":1,"regions_unexplored:daisy":3,"regions_unexplored:barley":125,"minecraft:quartz_block":3,"minecraft:rotten_flesh":114,"regions_unexplored:mauve_log":1,"born_in_chaos_v1:sea_terror_eye":2,"reliquary:mob_charm_fragment":5,"chococraft:chocobo_drumstick_raw":5,"rpgsmw:edmantium":3,"minecraft:cod":7,"minecraft:cobblestone":261,"minecraft:leather_chestplate":2,"minecraft:magma_cream":1,"minecraft:black_bed":2,"minecraft:golden_leggings":1,"minecraft:potato":2,"paraglider:spirit_orb":62,"minecraft:tuff":257,"onlyhammers:obsidian_hammer":4,"minecraft:wither_skeleton_skull":1,"minecraft:acacia_boat":1,"minecraft:lapis_lazuli":20,"skilltree:gem":53,"better_fishing_rods:epic_enchantment_book":3,"minecraft:dirt":53,"minecraft:name_tag":1,"born_in_chaos_v1:monster_skin":8,"minecraft:leather_boots":2,"minecraft:bone":85,"minecraft:acacia_planks":2,"minecraft:bow":6,"ars_nouveau:source_gem":1,"minecraft:wheat_seeds":1539,"minecraft:raw_gold":7,"minecraft:mossy_stone_bricks":9,"minecraft:fletching_table":4,"minecraft:bamboo":15,"minecraft:prismarine":1,"minecraft:oak_planks":96,"minecraft:mossy_stone_brick_stairs":5,"minecraft:ghast_tear":6,"ars_nouveau:glyph_ignite":1,"gamma_beasts:palm_tree_log":3,"minecraft:sand":95,"sons_of_sins:flesh_of_demise":1,"minecraft:mossy_cobblestone":25,"minecraft:spruce_fence_gate":3,"minecraft:diamond":59,"waystones:waystone":3,"minecraft:cracked_polished_blackstone_bricks":1,"minecraft:bone_meal":2,"minecraft:emerald":108,"minecraft:oak_sapling":142,"minecraft:netherrack":437,"iceandfire:silver_nugget":20,"born_in_chaos_v1:sea_terror_stomach":1,"reliquary:withered_rib":1,"minecraft:fishing_rod":1,"born_in_chaos_v1:diamond_termite_shard":13,"minecraft:chicken":1,"minecraft:wooden_pickaxe":2,"ars_nouveau:warp_scroll":2,"minecraft:shield":3,"ars_nouveau:archwood_planks":34,"minecraft:moss_carpet":43,"minecraft:item_frame":14,"minecraft:blackstone":63,"minecraft:blue_orchid":1,"minecraft:candle":3,"aquaculture:bluegill":3,"spartanweaponry:iron_longbow":1,"alexsmobs:elastic_tendon":2,"minecraft:lectern":93,"biomesoplenty:wildflower":8,"minecraft:sugar_cane":11,"alexsmobs:skelewag_sword":1,"minecraft:stripped_crimson_hyphae":2,"minecraft:raw_iron":46,"ars_nouveau:ritual_flight":1,"iceandfire:dragonbone":9,"gemsnjewels:ruby":1,"aquaculture:driftwood":1,"aquaculture:perch":4,"ars_nouveau:blue_archwood_log":12,"minecraft:cookie":13,"iceandfire:deathworm_egg_giant":1,"minecraft:stone_pressure_plate":1,"alexsmobs:crocodile_scute":2,"minecraft:dark_oak_planks":1,"minecraft:arrow":70,"minecraft:nether_bricks":49,"minecraft:saddle":10,"minecraft:brick_stairs":1,"minecraft:skeleton_skull":1,"born_in_chaos_v1:fused_bone":2,"born_in_chaos_v1:corpse_maggot":139,"minecraft:basalt":1,"minecraft:glow_ink_sac":3,"minecraft:salmon":9,"minecraft:leather":6,"minecraft:cut_sandstone":1,"minecraft:chainmail_chestplate":1,"artifacts:superstitious_hat":1,"minecraft:yellow_bed":13,"minecraft:nether_wart_block":2,"artifacts:cloud_in_a_bottle":1,"minecraft:gunpowder":4,"regions_unexplored:small_oak_sapling":6,"minecraft:smooth_sandstone":3,"chococraft:gold_gysahl":4,"minecraft:spruce_wood":4,"minecraft:iron_ingot":28,"minecraft:cooked_chicken":2,"artifacts:kitty_slippers":1,"aquaculture:minnow":31,"minecraft:soul_sand":4,"minecraft:acacia_sapling":9,"sophisticatedbackpacks:diamond_backpack":1,"minecraft:book":119,"epicsamurai:onyx":2,"gemsnjewels:enchanted_gold_ring":2,"minecraft:scaffolding":2,"minecraft:oak_slab":5,"ars_nouveau:red_archwood_sapling":1,"iceandfire:ash":4,"minecraft:dandelion":1,"born_in_chaos_v1:dark_rod":4,"chococraft:gysahl_green_seeds":50,"minecraft:blast_furnace":1,"minecraft:white_bed":14,"ars_nouveau:music_disc_thistle_the_sound_of_glass":1,"minecraft:spider_eye":7,"minecraft:spruce_door":1,"minecraft:chainmail_leggings":1,"minecraft:iron_helmet":10,"iceandfire:sea_serpent_scales_red":10,"minecraft:mossy_cobblestone_stairs":2,"tombstone:magic_scroll":2,"minecraft:black_wool":1,"minecraft:coal":28},"minecraft:killed_by":{"born_in_chaos_v1:scarlet_persecutor":1,"enemyexpansion:meature":1,"iceandfire:fire_dragon":2,"minecraft:iron_golem":1,"iceandfire:gorgon":2,"iceandfire:lightning_dragon":1},"minecraft:used":{"minecraft:chest":15,"lootr:trophy":1,"minecraft:rotten_flesh":1,"iceandfire:crackled_gravel":1,"minecraft:oak_sapling":36,"minecraft:potato":4,"minecraft:chorus_fruit":3,"minecraft:blackstone":1,"minecraft:cookie":15,"alexsmobs:skelewag_sword":1,"minecraft:sand":19,"gamma_beasts:salmon_steak":4,"minecraft:blast_furnace":1,"born_in_chaos_v1:monster_flesh":5,"minecraft:lectern":97,"minecraft:diamond_sword":873,"minecraft:iron_bars":4,"born_in_chaos_v1:ethereal_spirit":2,"minecraft:netherrack":8,"minecraft:torch":158,"minecraft:polished_diorite":1,"chococraft:chocobo_drumstick_raw":2,"minecraft:iron_axe":221,"minecraft:beef":9,"tombstone:gift":10,"minecraft:acacia_planks":2,"minecraft:cobbled_deepslate":100,"sophisticatedbackpacks:gold_backpack":1,"minecraft:wheat_seeds":85,"minecraft:water_bucket":9,"minecraft:bundle":2,"minecraft:fletching_table":6,"minecraft:spruce_fence_gate":1,"minecraft:cracked_stone_bricks":1,"minecraft:mossy_cobblestone":1,"minecraft:crafting_table":6,"minecraft:white_bed":16,"alexsmobs:flying_fish":1,"minecraft:diamond_pickaxe":228,"chococraft:gysahl_green_seeds":24,"minecraft:iron_pickaxe":199,"minecraft:cobblestone":55,"minecraft:potion":3,"minecraft:acacia_pressure_plate":1,"minecraft:cooked_porkchop":1,"minecraft:diamond_leggings":1,"better_fishing_rods:villager_fishing_rod":1,"minecraft:moss_carpet":2,"minecraft:red_sand":2,"minecraft:shield":2,"minecraft:iron_sword":670,"minecraft:player_head":1,"better_fishing_rods:lucky_fishing_rod":10,"minecraft:mutton":6,"sophisticatedbackpacks:diamond_backpack":1,"minecraft:item_frame":8,"minecraft:scaffolding":1,"aquaculture:fish_fillet_cooked":73,"minecraft:diamond_boots":1,"minecraft:oak_planks":35,"minecraft:diamond_axe":656,"minecraft:shears":4,"waystones:waystone":1,"minecraft:bread":108,"minecraft:gravel":1,"born_in_chaos_v1:rotten_fish":1,"iceandfire:dragon_skull_fire":1,"rpgsmw:diamond_knife":526,"chococraft:gysahl_green":81,"minecraft:cobweb":10,"minecraft:experience_bottle":7,"sophisticatedbackpacks:iron_backpack":1,"onlyhammers:obsidian_hammer":5883,"minecraft:spruce_planks":1,"ars_nouveau:music_disc_thistle_the_sound_of_glass":2,"minecraft:dirt":38,"minecraft:spyglass":2,"spartanweaponry:iron_longbow":1,"minecraft:wooden_axe":15,"minecraft:golden_carrot":12,"minecraft:stone_pressure_plate":1,"minecraft:cooked_beef":11,"minecraft:iron_leggings":23,"minecraft:cooked_mutton":32,"minecraft:acacia_boat":1,"minecraft:baked_potato":19,"minecraft:red_nether_bricks":6,"minecraft:cut_sandstone":1,"minecraft:green_bed":6,"biomesoplenty:wildflower":1,"tombstone:bag_of_seeds":3,"minecraft:black_wool":1,"minecraft:acacia_stairs":1,"minecraft:apple":12,"minecraft:cracked_polished_blackstone_bricks":1,"iceandfire:ash":4,"minecraft:acacia_fence_gate":1,"minecraft:stone_axe":44,"minecraft:fishing_rod":70,"minecraft:stripped_crimson_hyphae":1,"minecraft:jungle_door":1,"minecraft:bucket":9,"minecraft:yellow_bed":12,"minecraft:gray_wool":1,"ars_nouveau:scribes_table":2}},"DataVersion":3465}