{"stats":{"minecraft:broken":{"minecraft:iron_chestplate":1,"minecraft:iron_axe":1,"minecraft:iron_helmet":1,"onlyhammers:stone_hammer":3},"minecraft:dropped":{"sophisticatedbackpacks:iron_backpack":2,"minecraft:iron_sword":18,"minecraft:glow_ink_sac":2,"minecraft:diamond":8,"minecraft:crossbow":1,"minecraft:cookie":9,"minecraft:cracked_stone_bricks":5,"born_in_chaos_v1:pieceofdarkmetal":1,"minecraft:brown_banner":1,"born_in_chaos_v1:nightmare_claw":1,"minecraft:emerald":95,"born_in_chaos_v1:monster_flesh":3,"minecraft:dirt":36,"minecraft:dark_oak_fence":2,"tombstone:scroll_of_true_sight":1,"minecraft:bone_meal":1,"minecraft:iron_pickaxe":18,"minecraft:fishing_rod":2,"minecraft:white_wool":4,"minecraft:bone":11,"biomesoplenty:toadstool":1,"ars_nouveau:blue_archwood_log":44,"minecraft:stone_axe":3,"minecraft:cooked_chicken":2,"minecraft:golden_chestplate":1,"ars_nouveau:ritual_flight":1,"minecraft:cobbled_deepslate":5248,"minecraft:wheat":3,"minecraft:rotten_flesh":18,"minecraft:grindstone":1,"minecraft:oak_planks":16,"minecraft:nether_brick_fence":12,"minecraft:azure_bluet":1,"minecraft:white_bed":1,"iceandfire:crackled_gravel":1,"enemyexpansion:meathead_helmet":1,"iceandfire:ghost_chest":1,"biomesoplenty:wildflower":8,"minecraft:leather_boots":1,"minecraft:red_nether_bricks":6,"minecraft:stone_brick_stairs":1,"farmersdelight:tomato_seeds":6,"minecraft:enchanted_book":42,"minecraft:iron_ingot":2,"regions_unexplored:fireweed":15,"minecraft:wheat_seeds":408,"minecraft:cobblestone":383,"minecraft:iron_helmet":19,"minecraft:book":78,"minecraft:apple":22,"chococraft:gysahl_green_seeds":9,"ars_nouveau:purple_archwood_log":1,"minecraft:coal_block":4,"regions_unexplored:daisy":6,"onlyhammers:obsidian_hammer":70,"minecraft:golden_carrot":4,"minecraft:wooden_axe":2,"minecraft:rose_bush":2,"skilltree:gem":16,"minecraft:diamond_helmet":2,"minecraft:potion":4,"minecraft:string":2,"minecraft:smooth_sandstone":4,"minecraft:acacia_planks":2,"minecraft:spruce_sapling":2,"ars_nouveau:caster_tome":1,"minecraft:stone_brick_slab":4,"minecraft:moss_carpet":25,"minecraft:iron_boots":13,"spartanweaponry:bolt":24,"minecraft:name_tag":2,"regions_unexplored:hyssop":29,"minecraft:nether_bricks":49,"minecraft:diamond_sword":1,"minecraft:hay_block":1,"minecraft:peony":1,"minecraft:spruce_planks":2,"minecraft:diamond_pickaxe":2,"minecraft:stone_bricks":1,"minecraft:spider_eye":2,"minecraft:magma_block":1,"minecraft:black_wool":1,"minecraft:diamond_axe":2,"minecraft:oak_log":5,"minecraft:baked_potato":52,"rpgsmw:miphril_axe":1,"onlyhammers:stone_hammer":7,"aquaculture:minnow":12,"minecraft:leather":5,"aquaculture:driftwood":1,"iceandfire:graveyard_soil":3,"artifacts:superstitious_hat":1,"minecraft:polished_blackstone_brick_stairs":2,"minecraft:cornflower":1,"minecraft:cut_sandstone":2,"epicsamurai:jade":1,"minecraft:polished_blackstone_bricks":119,"minecraft:gold_ingot":6,"minecraft:gravel":1,"artifacts:villager_hat":1,"rpgsmw:diamond_sickle":6,"minecraft:mossy_stone_brick_slab":1,"spartanweaponry:iron_longbow":1,"minecraft:carrot":6,"gemsnjewels:enchanted_gold_ring":5,"aquaculture:algae":1,"aquaculture:bluegill":8,"born_in_chaos_v1:corpse_maggot":14,"minecraft:chainmail_boots":2,"comforts:sleeping_bag_white":1,"minecraft:iron_bars":3,"minecraft:arrow":3,"biomesoplenty:flesh":4,"minecraft:scaffolding":1,"minecraft:oak_leaves":2,"minecraft:netherrack":648,"minecraft:water_bucket":1,"minecraft:bread":27,"minecraft:mossy_cobblestone":18,"gamma_beasts:coal_nugget":8,"minecraft:diamond_leggings":1,"minecraft:tropical_fish":1,"minecraft:stick":38,"minecraft:torch":3,"tombstone:grave_key":1,"chococraft:chocobo_drumstick_raw":1,"minecraft:nether_wart_block":3,"born_in_chaos_v1:fused_bone":2,"minecraft:jungle_door":1,"minecraft:iron_leggings":287,"minecraft:wither_rose":1,"minecraft:dandelion":2,"minecraft:polished_diorite":1,"artifacts:kitty_slippers":1,"iceandfire:lightning_dragon_heart":1,"artifacts:aqua_dashers":1,"minecraft:tuff":443,"minecraft:raw_iron":39,"regions_unexplored:small_oak_sapling":1,"better_fishing_rods:rare_enchantment_book":1,"minecraft:shield":1,"minecraft:diamond_chestplate":2,"minecraft:iron_chestplate":15,"minecraft:mossy_stone_bricks":3,"minecraft:golden_leggings":1,"minecraft:oak_sapling":84,"minecraft:golden_sword":1,"minecraft:diamond_boots":2,"minecraft:spruce_log":1,"minecraft:wooden_pickaxe":4,"chococraft:gysahl_green":51,"minecraft:brick":1},"minecraft:killed":{"born_in_chaos_v1:zombie_lumberjack":3,"born_in_chaos_v1:restless_spirit":1,"born_in_chaos_v1:skeleton_demoman":1,"born_in_chaos_v1:siamese_skeletonsright":3,"born_in_chaos_v1:baby_skeleton_minion":2,"minecraft:skeleton":17,"born_in_chaos_v1:skeleton_thrasher":1,"alexsmobs:straddler":1,"enemyexpansion:vampflyer":4,"born_in_chaos_v1:bone_imp":3,"iceandfire:cockatrice":1,"minecraft:pillager":8,"enemyexpansion:meature":4,"minecraft:zombie":22,"enemyexpansion:vampire":3,"born_in_chaos_v1:corpse_fly":21,"enemyexpansion:botfly":16,"iceandfire:lightning_dragon":1,"born_in_chaos_v1:door_knight":1,"minecraft:cow":15,"chococraft:chocobo":1,"minecraft:vindicator":3,"alexsmobs:seagull":1,"born_in_chaos_v1:thornshell_crab":1,"minecraft:horse":5,"enemyexpansion:sprinter":5,"born_in_chaos_v1:decrepit_skeleton":5,"born_in_chaos_v1:bloody_gadfly":1,"born_in_chaos_v1:dark_vortex":1,"minecraft:zombified_piglin":21,"minecraft:spider":20,"born_in_chaos_v1:scarlet_persecutor":5,"minecraft:silverfish":1,"minecraft:piglin_brute":6,"alexsmobs:kangaroo":1,"artifacts:mimic":1,"minecraft:piglin":11,"born_in_chaos_v1:bonescaller":2,"minecraft:pig":1,"born_in_chaos_v1:diamond_termite":8,"minecraft:zombie_villager":3,"minecraft:creeper":2,"alexsmobs:crimson_mosquito":1,"minecraft:sheep":23,"minecraft:trader_llama":2,"born_in_chaos_v1:dread_hound":1,"minecraft:stray":1,"born_in_chaos_v1:siamese_skeletonsleft":3,"minecraft:blaze":7,"born_in_chaos_v1:zombie_bruiser":4,"born_in_chaos_v1:maggot":23,"minecraft:phantom":2,"iceandfire:fire_dragon":1,"born_in_chaos_v1:corpse_fish":1,"enemyexpansion:goblin":1,"born_in_chaos_v1:baby_skeleton":2,"born_in_chaos_v1:swarmer":4,"minecraft:bat":1,"enemyexpansion:troll":3,"alexsmobs:emu":4,"born_in_chaos_v1:decaying_zombie":1,"sons_of_sins:betrayed_guzzler":1,"enemyexpansion:huntsman":1,"born_in_chaos_v1:nightmare_stalker":1,"minecraft:wither_skeleton":9,"gamma_beasts:dosmos_a":1,"enemyexpansion:slugger":2},"minecraft:mined":{"minecraft:white_bed":1,"minecraft:red_nether_bricks":21,"biomesoplenty:brimstone":13,"minecraft:obsidian":36,"minecraft:granite":39,"minecraft:acacia_log":4,"minecraft:chiseled_polished_blackstone":1,"minecraft:coal_block":10,"minecraft:nether_wart":8,"minecraft:spawner":21,"minecraft:polished_blackstone_bricks":168,"minecraft:weeping_vines_plant":7,"minecraft:tall_seagrass":2,"epicsamurai:deepslate_jade_ore":5,"minecraft:magma_block":5,"biomesoplenty:tall_lavender":1,"minecraft:mossy_cobblestone_stairs":6,"bno:nether_coal_ore":8,"minecraft:cobbled_deepslate":198,"minecraft:fire":15,"minecraft:deepslate_lapis_ore":6,"minecraft:nether_brick_stairs":5,"iceandfire:gold_pile":31,"minecraft:small_amethyst_bud":1,"biomesoplenty:webbing":2,"minecraft:light_gray_concrete":8,"minecraft:cut_sandstone":2,"born_in_chaos_v1:infected_deepslate_diamond_ore":1,"minecraft:torch":14,"minecraft:blast_furnace":5,"minecraft:dead_bush":1,"regions_unexplored:meadow_sage":3,"minecraft:bricks":13,"minecraft:amethyst_block":52,"minecraft:cyan_wool":8,"regions_unexplored:hyssop":20,"iceandfire:crackled_stone":13,"minecraft:wheat":125,"gemsnjewels:sapphire_deepslate_ore_block":1,"minecraft:black_bed":1,"gamma_beasts:palm_tree_log":8,"minecraft:wither_rose":1,"minecraft:stone_brick_stairs":6,"minecraft:grass":412,"regions_unexplored:glistering_ivy":2,"minecraft:smooth_basalt":1,"minecraft:stonecutter":2,"minecraft:deepslate":7905,"regions_unexplored:fireweed":16,"iceandfire:silver_ore":1,"minecraft:mossy_cobblestone":72,"epicsamurai:deepslate_onyx_ore":13,"biomesoplenty:desert_grass":39,"minecraft:dark_oak_log":1,"minecraft:nether_bricks":197,"minecraft:dark_oak_fence":2,"minecraft:potted_bamboo":1,"biomesoplenty:dune_grass":1,"minecraft:redstone_ore":7,"biomesoplenty:flesh":6,"minecraft:mossy_stone_brick_stairs":4,"minecraft:potatoes":2,"minecraft:vine":21,"biomesoplenty:barley":86,"ars_nouveau:rune":13,"regions_unexplored:redwood_log":101,"minecraft:smithing_table":1,"epicsamurai:jade_ore":2,"minecraft:redstone_block":3,"minecraft:soul_sand":1,"minecraft:stone_brick_slab":4,"minecraft:dandelion":1,"minecraft:smooth_sandstone":6,"minecraft:cornflower":1,"ars_nouveau:purple_archwood_sapling":3,"minecraft:tall_grass":50,"minecraft:copper_ore":43,"regions_unexplored:mauve_log":9,"farmersdelight:wild_tomatoes":2,"minecraft:deepslate_gold_ore":47,"bno:nether_copper_ore":11,"minecraft:spruce_log":12,"regions_unexplored:sandy_grass":3,"minecraft:gravel":33,"minecraft:acacia_door":1,"minecraft:cobweb":32,"minecraft:polished_blackstone":2,"minecraft:stone_bricks":27,"minecraft:fern":10,"minecraft:large_amethyst_bud":1,"minecraft:spruce_planks":6,"minecraft:mossy_stone_brick_slab":1,"minecraft:budding_amethyst":6,"minecraft:grass_block":27,"minecraft:cracked_polished_blackstone_bricks":91,"minecraft:polished_diorite":1,"editenchanting:enchantment_edit_table":2,"minecraft:raw_iron_block":8,"gemsnjewels:dusk_emerald_deepslate_ore_block":2,"minecraft:iron_ore":53,"regions_unexplored:mossy_stone":15,"minecraft:azure_bluet":1,"iceandfire:crackled_dirt":1,"chococraft:gysahl_green":68,"ars_nouveau:red_archwood_log":74,"bno:nether_iron_ore":26,"minecraft:iron_bars":31,"epicsamurai:deepslate_silver_ore":6,"minecraft:deepslate_redstone_ore":42,"minecraft:quartz_block":13,"minecraft:blackstone":76,"minecraft:medium_amethyst_bud":1,"biomesoplenty:wildflower":2,"minecraft:calcite":7,"iceandfire:ghost_chest":4,"minecraft:nether_quartz_ore":27,"minecraft:cobblestone":16,"minecraft:grindstone":3,"minecraft:oak_planks":59,"minecraft:wall_torch":23,"minecraft:nether_wart_block":1,"regions_unexplored:sandy_tall_grass":1,"epicsamurai:aquamarine_ore":4,"regions_unexplored:mauve_leaves":1,"regions_unexplored:steppe_grass":1,"minecraft:oak_log":226,"minecraft:sand":20,"minecraft:dirt":47,"minecraft:raw_copper_block":9,"bno:nether_lapis_ore":6,"minecraft:netherrack":1278,"minecraft:oak_leaves":15,"ars_nouveau:blue_archwood_sapling":11,"minecraft:nether_gold_ore":6,"alexscaves:spelunkery_table":1,"minecraft:crying_obsidian":1,"minecraft:tuff":790,"regions_unexplored:barley":363,"minecraft:deepslate_diamond_ore":37,"iceandfire:crackled_gravel":2,"minecraft:chiseled_bookshelf":1,"biomesoplenty:bush":3,"epicsamurai:deepslate_ruby_ore":5,"minecraft:spruce_leaves":1,"minecraft:large_fern":2,"minecraft:hay_block":16,"minecraft:furnace":1,"biomesoplenty:toadstool":1,"minecraft:peony":1,"minecraft:gold_block":3,"minecraft:nether_brick_fence":12,"minecraft:bookshelf":8,"minecraft:deepslate_iron_ore":32,"minecraft:stripped_oak_log":1,"regions_unexplored:medium_grass":40,"minecraft:stone":2568,"ars_nouveau:purple_archwood_log":130,"farmersdelight:cooking_pot":2,"minecraft:scaffolding":1,"minecraft:acacia_leaves":3,"ars_nouveau:green_archwood_log":128,"minecraft:basalt":15,"minecraft:polished_granite":1,"epicsamurai:deepslate_aquamarine_ore":10,"minecraft:oak_fence":4,"minecraft:crafting_table":7,"minecraft:rose_bush":4,"minecraft:lapis_ore":2,"regions_unexplored:daisy":5,"minecraft:polished_blackstone_brick_stairs":2,"minecraft:air":142,"gamma_beasts:deepslate_prehnite_ore":3,"ars_nouveau:blue_archwood_log":545,"biomesoplenty:mahogany_log":98,"minecraft:coal_ore":39,"minecraft:cracked_stone_bricks":43,"minecraft:mossy_stone_bricks":52},"minecraft:custom":{"minecraft:interact_with_crafting_table":179,"minecraft:eat_cake_slice":4,"minecraft:leave_game":15,"minecraft:time_since_death":15032,"minecraft:damage_blocked_by_shield":875,"minecraft:play_time":1206519,"minecraft:deaths":106,"minecraft:jump":11159,"minecraft:interact_with_furnace":80,"minecraft:traded_with_villager":61,"minecraft:sleep_in_bed":34,"minecraft:waystone_activated":15,"minecraft:damage_dealt":75359,"tombstone:undead_killed":108,"minecraft:interact_with_smoker":17,"minecraft:interact_with_smithing_table":2,"minecraft:damage_dealt_absorbed":115,"minecraft:sneak_time":54189,"minecraft:interact_with_blast_furnace":22,"minecraft:total_world_time":1206519,"tombstone:raider_killed":6,"minecraft:interact_with_stonecutter":2,"minecraft:time_since_rest":4922,"tombstone:cast_on_ally":0,"minecraft:swim_one_cm":249218,"minecraft:fly_one_cm":2799920,"minecraft:open_chest":518,"minecraft:fish_caught":49,"minecraft:fall_one_cm":456211,"lootr:looted_stat":99,"minecraft:damage_resisted":1801,"minecraft:sprint_one_cm":3772062,"minecraft:drop":960,"minecraft:talked_to_villager":237,"minecraft:walk_on_water_one_cm":196774,"tombstone:steal_effect":2,"minecraft:crouch_one_cm":43028,"minecraft:mob_kills":355,"minecraft:damage_dealt_resisted":1428,"minecraft:climb_one_cm":16771,"minecraft:walk_one_cm":1532741,"minecraft:walk_under_water_one_cm":145924,"minecraft:boat_one_cm":103435,"minecraft:interact_with_grindstone":5,"minecraft:damage_taken":61149,"minecraft:damage_absorbed":4441},"minecraft:crafted":{"minecraft:light_gray_concrete_powder":8,"minecraft:bookshelf":2,"minecraft:cooked_mutton":8,"aquaculture:fish_fillet_raw":69,"minecraft:quartz_block":2,"rpgsmw:diamond_sickle":1,"minecraft:chiseled_quartz_block":2,"minecraft:emerald":55,"minecraft:diamond_axe":1,"farmersdelight:flint_knife":1,"onlyhammers:obsidian_hammer":2,"minecraft:lectern":2,"minecraft:stone_slab":6,"minecraft:iron_pickaxe":1,"minecraft:gold_ingot":29,"minecraft:light_gray_dye":1,"onlyhammers:stone_hammer":9,"minecraft:stone_shovel":2,"minecraft:iron_nugget":7,"ars_nouveau:ritual_flight":1,"comforts:sleeping_bag_white":1,"regions_unexplored:mauve_planks":12,"tinymobfarm:lasso":1,"minecraft:dark_oak_planks":8,"sophisticatedbackpacks:gold_backpack":3,"minecraft:enchanted_book":1,"rpgsmw:rainforcedstick":2,"minecraft:wooden_axe":4,"gemsnjewels:ruby_set_gold_ring":4,"minecraft:iron_leggings":1,"minecraft:white_bed":3,"minecraft:grindstone":2,"minecraft:oak_planks":424,"ars_nouveau:archwood_planks":1106,"minecraft:stone":9,"spartanweaponry:bolt":48,"minecraft:iron_boots":1,"minecraft:chest":41,"minecraft:smoker":1,"sophisticatedbackpacks:backpack":2,"minecraft:crafting_table":17,"minecraft:spruce_planks":72,"minecraft:iron_helmet":1,"minecraft:baked_potato":143,"minecraft:wooden_pickaxe":2,"better_fishing_rods:lucky_fishing_rod":1,"spartanweaponry:iron_longbow":2,"minecraft:charcoal":163,"minecraft:iron_chestplate":1,"minecraft:diamond_pickaxe":2,"minecraft:shield":2,"sophisticatedbackpacks:diamond_backpack":2,"minecraft:stick":1972,"minecraft:iron_ingot":29,"minecraft:fishing_rod":3,"biomesoplenty:mahogany_planks":184,"minecraft:furnace":5,"ars_nouveau:archwood_slab":12,"minecraft:diamond_block":2,"minecraft:flint_and_steel":1,"minecraft:iron_axe":1,"aquaculture:fish_fillet_cooked":4,"sophisticatedbackpacks:iron_backpack":4,"editenchanting:enchantment_edit_table":1,"minecraft:iron_sword":2,"minecraft:stone_axe":4,"minecraft:air":0,"minecraft:bread":122,"minecraft:oak_boat":6,"gamma_beasts:palm_tree_planks":32,"minecraft:gold_nugget":18,"minecraft:stonecutter":1,"minecraft:acacia_planks":36,"minecraft:torch":108,"minecraft:lapis_block":2},"minecraft:picked_up":{"minecraft:iron_chestplate":7,"minecraft:chainmail_boots":5,"iceandfire:copper_sword":1,"aquaculture:catfish":1,"minecraft:smithing_table":1,"minecraft:lead":2,"minecraft:diamond_sword":1,"minecraft:wither_rose":1,"minecraft:enchanted_book":40,"minecraft:golden_sword":2,"minecraft:amethyst_block":19,"minecraft:polished_blackstone_brick_stairs":2,"minecraft:string":51,"gemsnjewels:sapphire":1,"minecraft:red_nether_bricks":8,"biomesoplenty:tall_lavender":1,"minecraft:pufferfish":3,"alexsmobs:emu_feather":3,"minecraft:diamond_leggings":1,"minecraft:gold_nugget":323,"minecraft:cobbled_deepslate":6620,"minecraft:spruce_planks":18,"ars_nouveau:mendosteen_pod":3,"minecraft:coal_block":4,"minecraft:golden_helmet":1,"born_in_chaos_v1:shattered_skull":1,"minecraft:acacia_log":9,"iceandfire:lightning_dragon_flesh":5,"minecraft:golden_chestplate":1,"minecraft:tropical_fish":1,"aquaculture:algae":1,"artifacts:villager_hat":1,"iceandfire:fire_dragon_heart":1,"gamma_beasts:coal_nugget":12,"minecraft:blaze_rod":6,"minecraft:iron_bars":30,"minecraft:birch_log":1,"minecraft:magma_block":1,"minecraft:feather":6,"minecraft:water_bucket":1,"minecraft:jungle_log":1,"minecraft:flint":3,"minecraft:magenta_bed":1,"better_fishing_rods:common_enchantment_book":7,"minecraft:stonecutter":2,"minecraft:diamond_helmet":4,"epicsamurai:raw_silver":18,"aquaculture:gar":1,"minecraft:chiseled_polished_blackstone":1,"iceandfire:dragon_skull_fire":2,"sophisticatedbackpacks:iron_backpack":2,"minecraft:ink_sac":1,"iceandfire:lightning_dragon_heart":3,"minecraft:dark_oak_log":2,"minecraft:bundle":2,"alexsmobs:kangaroo_hide":1,"regions_unexplored:hyssop":33,"minecraft:granite":39,"minecraft:bread":30,"epicsamurai:ruby":16,"born_in_chaos_v1:rotten_fish":1,"minecraft:dark_oak_fence":2,"minecraft:bricks":13,"minecraft:diamond_pickaxe":1,"ars_nouveau:red_archwood_log":57,"iceandfire:dragon_skull_lightning":2,"minecraft:crafting_table":7,"iceandfire:witherbone":6,"minecraft:nether_wart":12,"born_in_chaos_v1:seedof_chaos":1,"minecraft:golden_pickaxe":1,"minecraft:leather_leggings":1,"minecraft:cornflower":1,"minecraft:acacia_door":1,"better_fishing_rods:lucky_pad_fragment":8,"epicsamurai:jade":7,"iceandfire:graveyard_soil":3,"minecraft:cracked_stone_bricks":26,"minecraft:beef":23,"born_in_chaos_v1:gnawed_bones":2,"minecraft:cyan_wool":8,"onlyhammers:stone_hammer":2,"minecraft:chest":1,"minecraft:raw_copper_block":9,"ars_nouveau:purple_archwood_log":131,"minecraft:stone":1,"reliquary:rib_bone":2,"alexsmobs:straddlite":1,"sophisticatedbackpacks:backpack":4,"farmersdelight:tomato_seeds":6,"born_in_chaos_v1:pieceofdarkmetal":3,"minecraft:carrot":3,"minecraft:redstone":227,"ars_nouveau:green_archwood_log":68,"minecraft:polished_granite_stairs":1,"minecraft:diamond_chestplate":3,"regions_unexplored:mauve_sapling":1,"minecraft:peony":1,"aquaculture:brown_trout":4,"minecraft:diamond_boots":3,"minecraft:hay_block":16,"aquaculture:carp":1,"minecraft:gold_ingot":8,"sophisticatedbackpacks:copper_backpack":1,"minecraft:polished_blackstone":1,"enemyexpansion:troll_molar":1,"minecraft:mutton":29,"minecraft:rail":2,"alexsmobs:kangaroo_meat":2,"minecraft:white_wool":27,"minecraft:stripped_oak_log":1,"born_in_chaos_v1:monster_flesh":5,"minecraft:tripwire_hook":1,"gamma_beasts:bird_thigh":2,"minecraft:oak_log":217,"alexsmobs:mosquito_proboscis":1,"chococraft:chocobo_feather":2,"chococraft:gysahl_green":179,"minecraft:apple":31,"minecraft:stone_bricks":17,"farmersdelight:cooking_pot":3,"regions_unexplored:redwood_sapling":3,"tombstone:bag_of_seeds":1,"epicsamurai:aquamarine":22,"minecraft:iron_sword":33,"aquaculture:smallmouth_bass":2,"iceandfire:copper_nugget":20,"born_in_chaos_v1:ethereal_spirit":10,"minecraft:gravel":28,"minecraft:spruce_sapling":4,"minecraft:spruce_log":25,"minecraft:crying_obsidian":1,"iceandfire:dragonscales_copper":23,"better_fishing_rods:lucky_pad":1,"biomesoplenty:mahogany_log":98,"minecraft:slime_ball":10,"regions_unexplored:fireweed":24,"minecraft:stone_axe":1,"better_fishing_rods:rare_enchantment_book":4,"minecraft:polished_diorite":1,"minecraft:diamond_axe":2,"minecraft:baked_potato":1,"minecraft:brown_banner":1,"chococraft:loverly_gysahl_green":6,"minecraft:wheat":122,"minecraft:nether_brick_fence":24,"alexscaves:cave_tablet":8,"minecraft:potion":2,"ars_nouveau:bombegranate_pod":3,"minecraft:stone_brick_stairs":5,"tombstone:grave_key":2,"aquaculture:muskellunge":1,"minecraft:raw_copper":196,"minecraft:iron_leggings":166,"minecraft:experience_bottle":2,"minecraft:zombie_head":1,"biomesoplenty:brimstone":18,"alexsmobs:blood_sac":1,"minecraft:smooth_stone":1,"reliquary:zombie_heart":1,"comforts:sleeping_bag_white":11,"artifacts:aqua_dashers":1,"minecraft:rose_bush":4,"minecraft:calcite":7,"minecraft:iron_pickaxe":31,"minecraft:iron_boots":10,"regions_unexplored:redwood_log":10,"minecraft:furnace":1,"minecraft:stick":181,"iceandfire:ghost_chest":4,"minecraft:jungle_door":1,"minecraft:acacia_fence":1,"minecraft:oak_fence":1,"minecraft:torch":57,"minecraft:spruce_stairs":6,"minecraft:porkchop":4,"gemsnjewels:dusk_emerald":2,"iceandfire:crackled_gravel":1,"tombstone:grave_dust":19,"born_in_chaos_v1:nightmare_claw":2,"enemyexpansion:meathead_helmet":2,"regions_unexplored:daisy":7,"regions_unexplored:barley":246,"minecraft:quartz_block":14,"minecraft:rotten_flesh":136,"regions_unexplored:mauve_log":10,"biomesoplenty:mahogany_sapling":12,"reliquary:mob_charm_fragment":2,"chococraft:chocobo_drumstick_raw":1,"rpgsmw:edmantium":2,"minecraft:obsidian":27,"minecraft:cod":9,"minecraft:cobblestone":1948,"minecraft:leather_chestplate":1,"minecraft:black_bed":1,"minecraft:golden_leggings":1,"gamma_beasts:prehnite":3,"minecraft:potato":351,"paraglider:spirit_orb":44,"minecraft:tuff":685,"onlyhammers:obsidian_hammer":49,"minecraft:wither_skeleton_skull":1,"skilltree:gem":61,"minecraft:lapis_lazuli":131,"better_fishing_rods:epic_enchantment_book":2,"minecraft:dirt":118,"minecraft:polished_granite":1,"minecraft:name_tag":3,"editenchanting:enchantment_edit_table":2,"minecraft:leather_boots":3,"minecraft:bone":75,"minecraft:acacia_planks":1,"minecraft:bow":3,"minecraft:wheat_seeds":558,"minecraft:raw_gold":76,"minecraft:grindstone":4,"minecraft:mossy_stone_bricks":26,"minecraft:oak_planks":78,"minecraft:mossy_stone_brick_stairs":4,"biomesoplenty:toadstool":1,"minecraft:ghast_tear":1,"minecraft:poisonous_potato":2,"gamma_beasts:palm_tree_log":8,"minecraft:sand":20,"sons_of_sins:flesh_of_demise":1,"minecraft:mossy_cobblestone":77,"minecraft:light_gray_concrete":8,"minecraft:diamond":57,"waystones:waystone":12,"minecraft:cracked_polished_blackstone_bricks":69,"minecraft:bone_meal":1,"minecraft:emerald":47,"minecraft:oak_sapling":189,"minecraft:netherrack":1194,"minecraft:oak_leaves":2,"minecraft:fishing_rod":1,"born_in_chaos_v1:diamond_termite_shard":8,"minecraft:azure_bluet":1,"biomesoplenty:flesh":6,"minecraft:wooden_pickaxe":2,"ars_nouveau:blue_archwood_sapling":75,"minecraft:gold_block":4,"minecraft:shield":2,"gemsnjewels:ruby_set_gold_ring":4,"minecraft:moss_carpet":20,"reliquary:chelicerae":1,"minecraft:blackstone":11,"aquaculture:bluegill":8,"minecraft:oak_boat":4,"alexsmobs:elastic_tendon":2,"minecraft:lectern":2,"biomesoplenty:wildflower":8,"minecraft:raw_iron":130,"iceandfire:dragonbone":28,"iceandfire:dragonscales_gray":25,"minecraft:copper_ingot":1,"aquaculture:driftwood":1,"ars_nouveau:purple_archwood_sapling":10,"aquaculture:perch":6,"ars_nouveau:blue_archwood_log":570,"minecraft:polished_blackstone_bricks":125,"ars_nouveau:frostaya_pod":6,"minecraft:cookie":20,"iceandfire:silver_ingot":3,"minecraft:arrow":51,"minecraft:weeping_vines":22,"minecraft:nether_bricks":113,"alexscaves:spelunkery_table":1,"artifacts:running_shoes":1,"minecraft:skeleton_skull":1,"born_in_chaos_v1:fused_bone":4,"born_in_chaos_v1:corpse_maggot":76,"minecraft:golden_carrot":4,"minecraft:glow_ink_sac":2,"minecraft:salmon":8,"minecraft:leather":20,"minecraft:cut_sandstone":2,"gamma_beasts:green_apple":3,"artifacts:superstitious_hat":2,"iceandfire:ectoplasm":3,"minecraft:gunpowder":7,"minecraft:yellow_bed":1,"minecraft:nether_wart_block":3,"artifacts:cloud_in_a_bottle":2,"regions_unexplored:small_oak_sapling":2,"minecraft:smooth_sandstone":6,"ars_nouveau:green_archwood_sapling":15,"chococraft:gold_gysahl":7,"minecraft:spruce_wood":6,"minecraft:iron_ingot":75,"minecraft:cooked_chicken":2,"artifacts:kitty_slippers":1,"aquaculture:minnow":12,"iceandfire:fire_dragon_flesh":2,"minecraft:soul_sand":3,"minecraft:book":88,"epicsamurai:onyx":29,"gemsnjewels:enchanted_gold_ring":5,"minecraft:scaffolding":1,"minecraft:stone_brick_slab":4,"rpgsmw:diamond_sickle":9,"ars_nouveau:red_archwood_sapling":15,"minecraft:raw_iron_block":8,"minecraft:quartz":40,"minecraft:dandelion":2,"born_in_chaos_v1:dark_rod":1,"chococraft:gysahl_green_seeds":70,"minecraft:blast_furnace":5,"minecraft:white_bed":5,"minecraft:spider_eye":18,"minecraft:mossy_stone_brick_slab":1,"minecraft:iron_helmet":8,"minecraft:mossy_cobblestone_stairs":4,"tombstone:magic_scroll":1,"minecraft:black_wool":1,"minecraft:coal":77},"minecraft:killed_by":{"enemyexpansion:slugger":1,"born_in_chaos_v1:scarlet_persecutor":1,"minecraft:player":7,"minecraft:spider":1,"minecraft:iron_golem":67},"minecraft:used":{"minecraft:chest":40,"minecraft:rotten_flesh":5,"regions_unexplored:mauve_sapling":1,"ars_nouveau:bombegranate_pod":3,"iceandfire:ghost_chest":2,"minecraft:stone_brick_stairs":3,"minecraft:furnace":5,"minecraft:oak_sapling":1,"minecraft:potato":152,"biomesoplenty:flesh":1,"ars_nouveau:blue_archwood_sapling":75,"minecraft:wooden_pickaxe":35,"minecraft:cookie":11,"minecraft:blast_furnace":5,"rpgsmw:miphril_axe":84,"born_in_chaos_v1:monster_flesh":2,"minecraft:lectern":4,"minecraft:diamond_sword":10,"sons_of_sins:flesh_of_demise":1,"minecraft:oak_boat":7,"tombstone:scroll_of_lightning_resistance":1,"minecraft:netherrack":13,"minecraft:torch":185,"minecraft:iron_axe":145,"minecraft:diamond_chestplate":2,"minecraft:beef":8,"farmersdelight:cooking_pot":4,"tombstone:gift":4,"comforts:sleeping_bag_white":11,"minecraft:cobbled_deepslate":889,"minecraft:golden_axe":11,"sophisticatedbackpacks:gold_backpack":1,"minecraft:wheat_seeds":14,"minecraft:water_bucket":6,"iceandfire:dragon_skull_lightning":1,"minecraft:cracked_stone_bricks":2,"minecraft:mossy_cobblestone":1,"minecraft:crafting_table":23,"minecraft:white_bed":7,"minecraft:diamond_pickaxe":109,"chococraft:gysahl_green_seeds":24,"minecraft:iron_pickaxe":311,"minecraft:cobblestone":151,"minecraft:porkchop":3,"minecraft:diamond_leggings":2,"minecraft:shield":25,"minecraft:iron_sword":372,"minecraft:iron_chestplate":2,"better_fishing_rods:lucky_fishing_rod":8,"ars_nouveau:red_archwood_sapling":15,"minecraft:mutton":5,"minecraft:nether_bricks":5,"minecraft:carrot":3,"minecraft:tuff":20,"minecraft:obsidian":11,"sophisticatedbackpacks:diamond_backpack":3,"minecraft:iron_helmet":4,"ars_nouveau:green_archwood_sapling":13,"minecraft:stone_bricks":4,"minecraft:golden_sword":27,"ars_nouveau:sourceberry_bush":3,"aquaculture:fish_fillet_cooked":4,"minecraft:oak_planks":4,"minecraft:ender_pearl":2,"minecraft:diamond_axe":2214,"alexscaves:cave_book":1,"minecraft:crossbow":10,"minecraft:black_bed":1,"onlyhammers:stone_hammer":5153,"waystones:waystone":12,"ars_nouveau:purple_archwood_sapling":10,"sophisticatedbackpacks:backpack":3,"minecraft:firework_rocket":4,"minecraft:acacia_door":1,"editenchanting:enchantment_edit_table":3,"minecraft:bread":162,"minecraft:string":1,"minecraft:gravel":8,"iceandfire:dragon_skull_fire":1,"minecraft:grindstone":3,"chococraft:gysahl_green":78,"minecraft:golden_pickaxe":12,"minecraft:experience_bottle":2,"sophisticatedbackpacks:iron_backpack":4,"minecraft:flint_and_steel":1,"onlyhammers:obsidian_hammer":10614,"minecraft:stone_shovel":97,"minecraft:spruce_planks":7,"gamma_beasts:green_apple":3,"rpgsmw:diamond_sickle":295,"minecraft:spyglass":3,"spartanweaponry:iron_longbow":1,"minecraft:wooden_axe":118,"minecraft:smooth_sandstone":2,"minecraft:iron_boots":1,"minecraft:cooked_beef":12,"minecraft:iron_leggings":21,"minecraft:cooked_mutton":8,"farmersdelight:skillet":1,"minecraft:baked_potato":35,"minecraft:red_nether_bricks":2,"minecraft:stonecutter":2,"farmersdelight:onion":1,"minecraft:light_gray_concrete_powder":8,"minecraft:smoker":1,"minecraft:apple":27,"minecraft:cracked_polished_blackstone_bricks":28,"minecraft:stone_axe":91,"minecraft:fishing_rod":79,"minecraft:bucket":6,"minecraft:yellow_bed":1}},"DataVersion":3465}